{
  "career_role_count": {
    "mean": 3.00171,
    "std": 1.5224422006114195,
    "min": 1.0,
    "max": 9.0
  },
  "years_exp": {
    "mean": 7.168029666666668,
    "std": 3.82695619307611,
    "min": 1.0,
    "max": 30.416666666666668
  },
  "avg_tenure": {
    "mean": 2.363422926587302,
    "std": 0.6516332517703117,
    "min": 0.6666666666666666,
    "max": 8.166666666666666
  },
  "promotion_count": {
    "mean": 0.09686,
    "std": 0.313303562046811,
    "min": 0.0,
    "max": 3.0
  },
  "leadership_count": {
    "mean": 0.75507,
    "std": 0.9816256572590746,
    "min": 0.0,
    "max": 7.0
  },
  "job_hop_count": {
    "mean": 0.17016,
    "std": 0.37577518075288674,
    "min": 0.0,
    "max": 1.0
  },
  "duplicate_company_count": {
    "mean": 0.31861,
    "std": 0.5913046290294396,
    "min": 0.0,
    "max": 5.0
  },
  "career_gap_months": {
    "mean": 0.95691,
    "std": 1.2282623246617075,
    "min": 0.0,
    "max": 10.0
  },
  "title_inflation_score": {
    "mean": 0.044239463570058105,
    "std": 0.10797129127355493,
    "min": 0.0,
    "max": 1.0
  },
  "product_company_score": {
    "mean": 0.5138432341269841,
    "std": 0.276316684520696,
    "min": 0.0,
    "max": 1.0
  },
  "consulting_score": {
    "mean": 0.48615676587301593,
    "std": 0.276316684520696,
    "min": 0.0,
    "max": 1.0
  },
  "startup_score": {
    "mean": 0.03146,
    "std": 0.17455822268151983,
    "min": 0.0,
    "max": 1.0
  },
  "education_tier_score": {
    "mean": 0.12043400000000001,
    "std": 0.07222675273773638,
    "min": 0.05,
    "max": 0.3
  },
  "github_score_imputed": {
    "mean": 36.1204,
    "std": 11.698600113365963,
    "min": 0.0,
    "max": 96.9
  },
  "github_missing": {
    "mean": 0.64637,
    "std": 0.47809843011778314,
    "min": 0.0,
    "max": 1.0
  },
  "assessment_score": {
    "mean": 12.402739633333335,
    "std": 23.062724996668848,
    "min": 0.0,
    "max": 93.9
  },
  "evaluation_score": {
    "mean": 0.00021399,
    "std": 0.006193622678975439,
    "min": 0.0,
    "max": 0.4
  },
  "evaluation_matches": {
    "mean": 0.00321,
    "std": 0.09295042925034278,
    "min": 0.0,
    "max": 6.0
  },
  "python_programming_score": {
    "mean": 0.075728,
    "std": 0.12189757424241905,
    "min": 0.0,
    "max": 0.4
  },
  "python_programming_matches": {
    "mean": 0.37864,
    "std": 0.6094878712120952,
    "min": 0.0,
    "max": 2.0
  },
  "product_engineering_score": {
    "mean": 0.077837,
    "std": 0.07925001095673342,
    "min": 0.0,
    "max": 0.2
  },
  "product_engineering_matches": {
    "mean": 0.77837,
    "std": 0.7925001095673342,
    "min": 0.0,
    "max": 2.0
  },
  "production_coding_score": {
    "mean": 0.0010922400000000002,
    "std": 0.019040130174134067,
    "min": 0.0,
    "max": 0.333
  },
  "production_coding_matches": {
    "mean": 0.00328,
    "std": 0.05717756809049268,
    "min": 0.0,
    "max": 1.0
  },
  "embeddings_score": {
    "mean": 0.01046636,
    "std": 0.03712108630011898,
    "min": 0.0,
    "max": 0.467
  },
  "embeddings_matches": {
    "mean": 0.1569,
    "std": 0.5569070761400995,
    "min": 0.0,
    "max": 7.0
  },
  "vector_db_score": {
    "mean": 0.01618767,
    "std": 0.04835805718789838,
    "min": 0.0,
    "max": 0.5
  },
  "vector_db_matches": {
    "mean": 0.19441,
    "std": 0.5802914089327816,
    "min": 0.0,
    "max": 6.0
  },
  "async_writing_culture_score": {
    "mean": 0.0,
    "std": 0.0,
    "min": 0.0,
    "max": 0.0
  },
  "async_writing_culture_matches": {
    "mean": 0.0,
    "std": 0.0,
    "min": 0.0,
    "max": 0.0
  },
  "production_ml_deployment_score": {
    "mean": 0.00355,
    "std": 0.03593272062624977,
    "min": 0.0,
    "max": 0.5
  },
  "production_ml_deployment_matches": {
    "mean": 0.0142,
    "std": 0.14373088250499907,
    "min": 0.0,
    "max": 2.0
  },
  "domain_experience_score": {
    "mean": 0.0,
    "std": 0.0,
    "min": 0.0,
    "max": 0.0
  },
  "domain_experience_matches": {
    "mean": 0.0,
    "std": 0.0,
    "min": 0.0,
    "max": 0.0
  },
  "llm_fine_tuning_score": {
    "mean": 0.006949780000000001,
    "std": 0.035559070888126765,
    "min": 0.0,
    "max": 0.5
  },
  "llm_fine_tuning_matches": {
    "mean": 0.04163,
    "std": 0.21306664937049802,
    "min": 0.0,
    "max": 3.0
  },
  "distributed_systems_score": {
    "mean": 0.01428852,
    "std": 0.04671234158804466,
    "min": 0.0,
    "max": 0.167
  },
  "distributed_systems_matches": {
    "mean": 0.08556,
    "std": 0.27971462028769256,
    "min": 0.0,
    "max": 1.0
  },
  "learning_to_rank_score": {
    "mean": 0.00239633,
    "std": 0.02002703381312204,
    "min": 0.0,
    "max": 0.333
  },
  "learning_to_rank_matches": {
    "mean": 0.01435,
    "std": 0.1199342375729859,
    "min": 0.0,
    "max": 2.0
  },
  "open_source_contributions_score": {
    "mean": 3.75e-06,
    "std": 0.0006846463502467891,
    "min": 0.0,
    "max": 0.125
  },
  "open_source_contributions_matches": {
    "mean": 3e-05,
    "std": 0.0054771708019743124,
    "min": 0.0,
    "max": 1.0
  },
  "retrieval_score": {
    "mean": 0.07981754,
    "std": 0.14324872784890172,
    "min": 0.0,
    "max": 0.667
  },
  "retrieval_matches": {
    "mean": 0.47273,
    "std": 0.8610712871403944,
    "min": 0.0,
    "max": 4.0
  },
  "search_relevance_score": {
    "mean": 0.0010283500000000001,
    "std": 0.012677475831624947,
    "min": 0.0,
    "max": 0.375
  },
  "search_relevance_matches": {
    "mean": 0.00816,
    "std": 0.10076465618042545,
    "min": 0.0,
    "max": 3.0
  },
  "experimentation_score": {
    "mean": 0.0054046499999999996,
    "std": 0.04223650941549001,
    "min": 0.0,
    "max": 0.667
  },
  "experimentation_matches": {
    "mean": 0.01623,
    "std": 0.1268335443306686,
    "min": 0.0,
    "max": 2.0
  },
  "ml_infrastructure_score": {
    "mean": 0.009098160000000001,
    "std": 0.03790290979489714,
    "min": 0.0,
    "max": 0.167
  },
  "ml_infrastructure_matches": {
    "mean": 0.05448,
    "std": 0.2269635317059709,
    "min": 0.0,
    "max": 1.0
  },
  "founding_team_score": {
    "mean": 0.0,
    "std": 0.0,
    "min": 0.0,
    "max": 0.0
  },
  "founding_team_matches": {
    "mean": 0.0,
    "std": 0.0,
    "min": 0.0,
    "max": 0.0
  },
  "ownership_score": {
    "mean": 0.012536340000000002,
    "std": 0.03529827359922282,
    "min": 0.0,
    "max": 0.222
  },
  "ownership_matches": {
    "mean": 0.11294,
    "std": 0.3180024648578632,
    "min": 0.0,
    "max": 2.0
  },
  "marketplace_systems_score": {
    "mean": 1.75e-05,
    "std": 0.0020915873152644077,
    "min": 0.0,
    "max": 0.25
  },
  "marketplace_systems_matches": {
    "mean": 7e-05,
    "std": 0.00836634926105763,
    "min": 0.0,
    "max": 1.0
  },
  "non_nlp_domains_score": {
    "mean": 0.014104089999999998,
    "std": 0.04510355062048536,
    "min": 0.0,
    "max": 0.286
  },
  "non_nlp_domains_matches": {
    "mean": 0.09863,
    "std": 0.31540944489849904,
    "min": 0.0,
    "max": 2.0
  },
  "title_chasers_score": {
    "mean": 0.0,
    "std": 0.0,
    "min": 0.0,
    "max": 0.0
  },
  "title_chasers_matches": {
    "mean": 0.0,
    "std": 0.0,
    "min": 0.0,
    "max": 0.0
  },
  "langchain_only_experience_score": {
    "mean": 0.0,
    "std": 0.0,
    "min": 0.0,
    "max": 0.0
  },
  "langchain_only_experience_matches": {
    "mean": 0.0,
    "std": 0.0,
    "min": 0.0,
    "max": 0.0
  },
  "consulting_only_background_score": {
    "mean": 0.0,
    "std": 0.0,
    "min": 0.0,
    "max": 0.0
  },
  "consulting_only_background_matches": {
    "mean": 0.0,
    "std": 0.0,
    "min": 0.0,
    "max": 0.0
  },
  "non_coding_engineers_score": {
    "mean": 0.0,
    "std": 0.0,
    "min": 0.0,
    "max": 0.0
  },
  "non_coding_engineers_matches": {
    "mean": 0.0,
    "std": 0.0,
    "min": 0.0,
    "max": 0.0
  },
  "pure_research_background_score": {
    "mean": 1e-05,
    "std": 0.0011179948564841392,
    "min": 0.0,
    "max": 0.125
  },