{
  "overlap_months": {
    "mean": 0.0,
    "std": 0.0,
    "min": 0.0,
    "max": 0.0
  },
  "timeline_inconsistency_score": {
    "mean": 0.9960181542669007,
    "std": 0.025184472334402255,
    "min": 0.16666666666666666,
    "max": 4.6923076923076925
  },
  "skill_density_score": {
    "mean": 3.144730604327555,
    "std": 3.0820124133275377,
    "min": 0.0,
    "max": 41.81818181818181
  },
  "salary_outlier_score": {
    "mean": 5.74118530494161e-17,
    "std": 1.0000000000000004,
    "min": -1.6639944607002708,
    "max": 6.570227139883068
  },
  "profile_completeness_score": {
    "mean": 0.6,
    "std": 1.1102285757819133e-16,
    "min": 0.6,
    "max": 0.6
  },
  "anomaly_count": {
    "mean": 0.16433,
    "std": 0.617437821480539,
    "min": 0.0,
    "max": 15.0
  },
  "severity_sum": {
    "mean": 0.11036418594990643,
    "std": 0.44088820680946916,
    "min": 0.0,
    "max": 12.207070707070706
  }
}